﻿<?xml version="1.0" encoding="utf-8" ?>
<Defs>

	<ResearchProjectDef>
		<defName>ResearchProject_RotRStoneRoad</defName>
		<label>Stone road building</label>
		<description>Allows construction of Stone roads on the world map</description>
		<baseCost>500</baseCost>
		<techLevel>Medieval</techLevel>
		<tab>LocoNekoMods</tab>
		<researchViewX>1</researchViewX>
		<researchViewY>0</researchViewY>
	</ResearchProjectDef>

	<ResearchProjectDef>
		<defName>ResearchProject_RotRAsphaltRoad</defName>
		<label>Asphalt road building</label>
		<description>Allows construction of Asphalt roads on the world map</description>
		<baseCost>2000</baseCost>
		<techLevel>Industrial</techLevel>
		<prerequisites>
			<li>ResearchProject_RotRStoneRoad</li>
		</prerequisites>
		<tab>LocoNekoMods</tab>
		<researchViewX>2</researchViewX>
		<researchViewY>0</researchViewY>
	</ResearchProjectDef>

	<ResearchProjectDef>
		<defName>ResearchProject_RotRGlitterRoad</defName>
		<label>Glitter road building</label>
		<description>Allows construction of Glitter roads on the world map</description>
		<baseCost>6000</baseCost>
		<techLevel>Spacer</techLevel>
		<requiredResearchBuilding>HiTechResearchBench</requiredResearchBuilding>
		<prerequisites>
			<li>ResearchProject_RotRAsphaltRoad</li>
		</prerequisites>
		<tab>LocoNekoMods</tab>
		<researchViewX>3</researchViewX>
		<researchViewY>0</researchViewY>
	</ResearchProjectDef>

	<ResearchProjectDef>
		<defName>ResearchProject_RotRISR2G</defName>
		<label>ISR2G</label>
		<description>Allows construction of the In Situ Road Ressource Gatherer (ISR2G).  Uses local resources when building roads, completely eliminating the need to bring wood and stone at the cost of 4 times the work.</description>
		<baseCost>2000</baseCost>
		<techLevel>Industrial</techLevel>
		<prerequisites>
			<li>ResearchProject_RotRStoneRoad</li>
		</prerequisites>
		<tab>LocoNekoMods</tab>
		<researchViewX>2</researchViewX>
		<researchViewY>1</researchViewY>
	</ResearchProjectDef>

	<ResearchProjectDef>
		<defName>ResearchProject_RotRAISR2G</defName>
		<label>AISR2G</label>
		<description>Allows construction of the Advanced In Situ Road Ressource Gatherer (AISR2G). Uses local resources when building roads, completely eliminating the need to bring wood, stone , steel, Chemfuel , Plasteel and Uranium at the cost of twice the work.</description>
		<baseCost>4000</baseCost>
		<techLevel>Spacer</techLevel>
		<requiredResearchBuilding>HiTechResearchBench</requiredResearchBuilding>
		<prerequisites>
			<li>ResearchProject_RotRAsphaltRoad</li>
		</prerequisites>
		<tab>LocoNekoMods</tab>
		<researchViewX>3</researchViewX>
		<researchViewY>1</researchViewY>
	</ResearchProjectDef>


</Defs>